attri,count_max,count_mean,count_min,item_set,item_set_count
attri_1,85,58.9079861111,30,i142#i140#i141#i147#i144#i145#i02#i03#i01#i06#i07#i04#i05#i08#i09#i88#i89#i82#i83#i80#i81#i86#i87#i84#i85#i77#i76#i75#i74#i73#i72#i71#i70#i79#i78#i64#i65#i66#i67#i61#i62#i63#i68#i59#i58#i51#i50#i53#i52#i54#i57#i56#i120#i121#i122#i123#i125#i126#i127#i128#i129#i48#i49#i46#i47#i44#i45#i42#i43#i40#i41#unknown#i133#i132#i131#i130#i136#i135#i134#i139#i138#i39#i38#i33#i32#i31#i30#i37#i36#i35#i34#i108#i109#i106#i107#i104#i105#i102#i103#i100#i101#i28#i29#i20#i21#i22#i23#i24#i25#i26#i27#i119#i118#i111#i110#i113#i112#i115#i114#i117#i116#i19#i18#i15#i14#i17#i16#i11#i10#i13#i12#i95#i94#i97#i96#i91#i90#i93#i99#i98,140
attri_2,13,12.3077876984,11,e05#e08#e09#e11#e10#e04#e12#e02#e03#e01#e06#e07#e13,13
attri_3,8,7.42361111111,5,unknown#c8#c3#c2#c1#c7#c6#c5#c4,9
attri_4,36,34.8125,33,p05#p04#p03#p24#p01#p26#p21#p20#p23#p22#p09#p08#p29#p28#unknown#p32#p10#p11#p12#p13#p14#p15#p16#p17#p18#p19#p30#p31#p34#p35#p25#p02#p33#p27#p07#p06,36
attri_5,5,4.00099206349,4,unknown#l4#l2#l3#l1,5
